{
    "731052050875547658": {
        "accessToken": "yKrngLaZWCmZgk17uiqKVAyBpWxm85",
        "refreshToken": "otu3Csv0be9ctfwQFYCTb5l9h2XiC9"
    },
    "562309549839745035": {
        "accessToken": "Ikg4zFqYe3zLN6sbkBWALS8yzqfyyd",
        "refreshToken": "nbiVWWpmaSjMVo0SeHnVo0RVKXhjCd"
    },
    "901180380768510022": {
        "accessToken": "J7pHQhdUTvrqAHUV9kPo3m59mycUN2",
        "refreshToken": "YrIZ90NCX9rxZk9U60cayLUhgqXdA9"
    },
    "1085112726164086806": {
        "accessToken": "pfmPsDlDjhlC6H9rd1e7AiQFbKnonW",
        "refreshToken": "CjWju1mENu0C3EWdWbyTJqHQzTUaF7",
        "email": "messi3mkdis@gmail.com"
    },
    "1142188319321628702": {
        "accessToken": "HwU5yCE2NDCTgVUxMsllNBoS9YBszj",
        "refreshToken": "QP2nbUXVfEbMw2b9LtujdhkPWFQ25z",
        "email": "rrakan790p@gmail.com"
    },
    "921056291273732107": {
        "accessToken": "ni59lYQo41YCKOnyKc1XlCWlC0gDLf",
        "refreshToken": "SF2tPh9yBhqAYE6U7081H5gFdSrTp2",
        "email": "azabm6287@gmail.com"
    },
    "1272174323620253746": {
        "accessToken": "ht4q4nMoemmPsJvsNRxfMreDmpWMf0",
        "refreshToken": "l7tfyYwGfPuDUbb1kKgEX7s1Yfwsmh",
        "email": "mssi3mki+1@gmail.com"
    },
    "1271832735840997388": {
        "accessToken": "0IXxrO22iLfWGyRCMIofwMnHtObdae",
        "refreshToken": "BrJfcnFxFNBXtoW52VYu2tBAHNEHiR",
        "email": "messimohaaa+4@gmail.com"
    },
    "1281285597306159189": {
        "accessToken": "JY3aI9YxN0SXMzX9MMkpUTI1wXx4i0",
        "refreshToken": "X29tkUCCsiZgDyqFbY1115ZtkOzBq0",
        "email": "playmohammed992+55@gmail.com"
    },
    "1282710145251672085": {
        "accessToken": "3oM9bpvtFoCVModEnU07AZSIAJ0XTo",
        "refreshToken": "z5e4iAVN6488RzUiMFhWdQJGAGVA2Q",
        "email": "mssi3mki+555@gmail.com"
    },
    "1289557359194013707": {
        "accessToken": "Xq9NNw5xrH9r0vd0n1O8dNjKoargs6",
        "refreshToken": "aj1AfOZthqhdL8N3K33bSPAHZKrHQg",
        "email": "yousefm15610@gmail.com"
    },
    "1189926133395882044": {
        "accessToken": "dR218gp1xSiNdX55yA67VudO8WTTsg",
        "refreshToken": "inBySr3RT7cuONNUZQV23U0fzwKGch",
        "email": "hh9512867@gmail.com"
    },
    "1057920335569227829": {
        "accessToken": "UxC5zh2vbO0tYUVl45swvRk4uf9xCJ",
        "refreshToken": "UwzYYfXkOGapMcIW4s06aLKg0ZhINS",
        "email": "d37483307@gmail.com"
    },
    "1196575395089223765": {
        "accessToken": "ivGwu0uqEI3TDzBboglBV03Q4jT9O3",
        "refreshToken": "8c18GjwLKBUEKZKTpKMkhxySyZBJAL",
        "email": "mibonhazem@gmail.com"
    },
    "1283824830214312031": {
        "accessToken": "N3evkRyq4KYdkVu8ULlk5VkkCRaCn6",
        "refreshToken": "582KXllVGpZnndFXRd6RPvFmzMZmIu",
        "email": "playmohammed992+777444@gmail.com"
    },
    "1291049060609953895": {
        "accessToken": "pVl9qq47zOnNIsRnpKGEFYCUmezc7z",
        "refreshToken": "ynMoUSH6Y86N7YIVBKuqscTbywn0mH",
        "email": "yousefmd140@gmail.com"
    },
    "1280964846677921825": {
        "accessToken": "D3uljISdWgjijdWsZrDBx7ZJDo7UjB",
        "refreshToken": "UqHJvQdIbfJEFf7EzG2gzpWVkRaxxB",
        "email": "saik0ohat1@gmail.com"
    },
    "1276441850118537281": {
        "accessToken": "eM2YLoZYAH4s2fYRLVz3qCpYndBLld",
        "refreshToken": "qzxcq75POZ1iS193CYrytCJ2BG2Xse",
        "email": "amakrayan24@gmail.com"
    },
    "1273238152198361180": {
        "accessToken": "s6qLFoyZ9aLYISCIUE1PcmWbleRDT4",
        "refreshToken": "IlTSos1nBemWHeUSO5aLn4dNEnky5e",
        "email": "tahaforusers+4@gmail.com"
    },
    "1281283828295532629": {
        "accessToken": "leKUKX5hfaZczuWpsNNZIctFSugWQG",
        "refreshToken": "9DVrdFmBAreBha1OIFlFQBrWLnMOdA",
        "email": "playmohammed992+2@gmail.com"
    },
    "1287481838163464293": {
        "accessToken": "nzDqA3Iw5gYvozRka6MYGNNPBNXCII",
        "refreshToken": "6XoioC6BwaYOsEGXvzATrBaEFVGhGu",
        "email": "justin50harri.s.66.67@gmail.com"
    },
    "1253023020591878205": {
        "accessToken": "kPQaklRORiolmVmTI7ejDjOgiejuZN",
        "refreshToken": "GG05HiH3oP0aBKbF5Tq7MdGia7g3Ia",
        "email": "osamabawazir004@gmail.com"
    },
    "810673460418052099": {
        "accessToken": "MKZQhV5PxzehNQcjBhYS2r4akPGbtD",
        "refreshToken": "P5RMRfndHWLB3oMlXeTtq56yRX2y0y",
        "email": "f2inx.0disff12@gmail.com"
    },
    "1036635675145019432": {
        "accessToken": "U0oAJgOQLDlYSd9waf35hQZmWIwzi9",
        "refreshToken": "58F5cMgfAy0ufLR7OJ24T5AgwBsBam",
        "email": "yyamn8374@gmail.com"
    },
    "1214884722719858711": {
        "accessToken": "OTTpw3HbWud20b2E6o6AbzHsdBzpaY",
        "refreshToken": "Z4g7GCV9mB6hrRGiTy0ERmleZrBTN6",
        "email": "1414albra@gmail.com"
    },
    "1227933216027971655": {
        "accessToken": "vhbRhQ8lzZrRXNkLdtMkEjC29m2zVl",
        "refreshToken": "6RPUu3VDWNB9NXd6HEgP8bLAO8YWZ6",
        "email": "cfbbct@gmail.com"
    },
    "922597262843068449": {
        "accessToken": "I9V3tr7oAhrEk2hzu22Nw54jmNgjgC",
        "refreshToken": "Y2Fn2q0RcBirecvSvCiqBOnyEhHw6V",
        "email": "momen.bourezg202@gmail.com"
    },
    "524628239931408404": {
        "accessToken": "3kwurgtOHMLWadoRfsv8GDgReAAXm8",
        "refreshToken": "TvmnkkoclAISd31hQ7MbqZDbWRGoG2",
        "email": "7sem3lm@gmail.com"
    },
    "1238467972742254685": {
        "accessToken": "bgbUyYjbDLFBFgaufNi0uQAg82wbub",
        "refreshToken": "drFnWpnG3QFPsqeWryqsX9AwK5ABH1",
        "email": "jffjjffjgbsk@gmail.com"
    },
    "459952574817370126": {
        "accessToken": "NUoSWAf9kdLuePF0W6Q3oySbLk9Y47",
        "refreshToken": "2iBMsWLs7TP8bBpYcFGkmP7egDa4yS",
        "email": "noorsister9810@gmail.com"
    },
    "1192243259653750874": {
        "accessToken": "pNwipddSdnI3zqZxSZH5JgqkIPBi5T",
        "refreshToken": "iCVkgrd1iqydIWofI8jtyXgehQM76X",
        "email": "ahmadmosas1010@gmail.com"
    },
    "1132280615937511465": {
        "accessToken": "EThtwHmarHv86kFjSIwrrX9159HflF",
        "refreshToken": "VUDsIvcDECqXdxgmmtqdIJ48oxDccL",
        "email": "abodymekraz@gmail.com"
    },
    "1005911266545651732": {
        "accessToken": "nsv7FYP75ObrtHTQuzv7nJloaWcJWs",
        "refreshToken": "i7FWeNqSonAKp0PqdZVNwnbJvMOIME"
    }
}